year,enet_dir,xgb_dir,naive_dir,enet_rmse,xgb_rmse
2011,0.6666666666666666,0.6666666666666666,0.0,0.0747351055400067,0.07473981632425522
2012,0.3333333333333333,0.3333333333333333,0.0,0.036090107811242216,0.03799815478992986
2013,0.3333333333333333,0.3333333333333333,0.0,0.06594261770404217,0.06621244452888822
2014,0.6666666666666666,0.5833333333333334,0.0,0.042759828230984245,0.042250357889797224
2015,0.4166666666666667,0.3333333333333333,0.0,0.039816335044126204,0.04142564419552837
2016,0.5,0.5833333333333334,0.0,0.05558500671763513,0.05512776500549701
2017,0.3333333333333333,0.4166666666666667,0.0,0.024076680692881325,0.02311305628486761
2018,0.4166666666666667,0.4166666666666667,0.0,0.02325718141855522,0.0259819914517149
2019,0.4166666666666667,0.4166666666666667,0.0,0.039321140699261896,0.03801085064484253
