{
  "alpha_selected": 10.0,
  "l1_ratio_selected": 0.1,
  "intercept": 0.006113897463677366,
  "n_iter": 0,
  "mse_path_mean_by_alpha": [
    [
      0.001576071139257861,
      0.001576071139257861,
      0.001576071139257861,
      0.001576071139257861,
      0.001576071139257861,
      0.001576071139257861,
      0.001576071139257861,
      0.001576071139257861,
      0.0015795790798090088,
      0.0016245172962690145,
      0.0017264998996925171,
      0.0017997065134934581,
      0.0017984729448876108,
      0.001802009227365109,
      0.0018071959376791493,
      0.0017782990601190193,
      0.0017642312438101962,
      0.0017589575720975046,
      0.0017568907266197237,
      0.001756108284841376
    ],
    [
      0.001576071139257861,
      0.001576071139257861,
      0.001576071139257861,
      0.001576071139257861,
      0.001576071139257861,
      0.001576071139257861,
      0.001576071139257861,
      0.001576071139257861,
      0.001576071139257861,
      0.001576071139257861,
      0.001576071139257861,
      0.0015823082823544499,
      0.0016653963027930927,
      0.0017630501001002336,
      0.0018041791208191482,
      0.0017883944243331073,
      0.0018110050376950188,
      0.0017914382708035703,
      0.001771008506665193,
      0.0017615572444606938
    ],
    [
      0.001576071139257861,
      0.001576071139257861,
      0.001576071139257861,
      0.001576071139257861,
      0.001576071139257861,
      0.001576071139257861,
      0.001576071139257861,
      0.001576071139257861,
      0.001576071139257861,
      0.001576071139257861,
      0.001576071139257861,
      0.001576071139257861,
      0.00158325188611251,
      0.0016691191331261624,
      0.0017663697491048717,
      0.0018039885112285437,
      0.001788495262889861,
      0.0018118634839307402,
      0.0017904900160941647,
      0.0017703780105001762
    ]
  ],
  "alphas_tested": [
    10.0,
    5.455594781168514,
    2.9763514416313193,
    1.623776739188721,
    0.8858667904100823,
    0.4832930238571752,
    0.26366508987303583,
    0.14384498882876628,
    0.07847599703514607,
    0.04281332398719392,
    0.023357214690901212,
    0.012742749857031334,
    0.0069519279617756054,
    0.00379269019073225,
    0.00206913808111479,
    0.0011288378916846883,
    0.0006158482110660267,
    0.0003359818286283781,
    0.00018329807108324357,
    0.0001
  ]
}