{
  "alpha_selected": 10.0,
  "l1_ratio_selected": 0.1,
  "intercept": 0.10778250922735759,
  "n_iter": 0,
  "mse_path_mean_by_alpha": [
    [
      0.13887915524103667,
      0.13887915524103667,
      0.13887915524103667,
      0.13887915524103667,
      0.14019619714729004,
      0.14236302065386736,
      0.14329343963329982,
      0.1460320606208525,
      0.15596675552341954,
      0.17020147296028257,
      0.18748481973959358,
      0.2047518534909541,
      0.21767699361173704,
      0.22598580468687693,
      0.2316534507521948,
      0.2349766853741732,
      0.2367386730398831,
      0.237765722543398,
      0.23834066746586985,
      0.23865582137655492
    ],
    [
      0.13887915524103667,
      0.13887915524103667,
      0.13887915524103667,
      0.13887915524103667,
      0.13887915524103667,
      0.13887915524103667,
      0.13887915524103667,
      0.14228939510001518,
      0.145734936849908,
      0.14683370972936377,
      0.15414041936578182,
      0.17899500244447134,
      0.20090531476003032,
      0.21386189248062823,
      0.22266091551717543,
      0.22789422407597942,
      0.2315939459381225,
      0.23377657281751443,
      0.2349880522310676,
      0.2356883762567749
    ],
    [
      0.13887915524103667,
      0.13887915524103667,
      0.13887915524103667,
      0.13887915524103667,
      0.13887915524103667,
      0.13887915524103667,
      0.13887915524103667,
      0.13887915524103667,
      0.14270558272306896,
      0.14629027895261976,
      0.14737553056479052,
      0.15649597451997926,
      0.18562206143618068,
      0.20699243859816452,
      0.21823998182391052,
      0.22524502830632825,
      0.22936899520801446,
      0.23244484771315568,
      0.23425036606659436,
      0.23524969988836447
    ]
  ],
  "alphas_tested": [
    10.0,
    5.455594781168514,
    2.9763514416313193,
    1.623776739188721,
    0.8858667904100823,
    0.4832930238571752,
    0.26366508987303583,
    0.14384498882876628,
    0.07847599703514607,
    0.04281332398719392,
    0.023357214690901212,
    0.012742749857031334,
    0.0069519279617756054,
    0.00379269019073225,
    0.00206913808111479,
    0.0011288378916846883,
    0.0006158482110660267,
    0.0003359818286283781,
    0.00018329807108324357,
    0.0001
  ]
}