{
  "alpha_selected": 0.012742749857031334,
  "l1_ratio_selected": 0.9,
  "intercept": 0.010067117031217043,
  "n_iter": 2,
  "mse_path_mean_by_alpha": [
    [
      0.002425092963848733,
      0.002425092963848733,
      0.002425092963848733,
      0.002425092963848733,
      0.002425092963848733,
      0.002425092963848733,
      0.002425092963848733,
      0.002426165973988714,
      0.00243465517513363,
      0.0025191316612162033,
      0.0026632436427942484,
      0.0027725606068758706,
      0.002756688936500624,
      0.0027751373013108977,
      0.0027843400362126385,
      0.0027669271187691635,
      0.0027594587982400177,
      0.002758026507828544,
      0.0027591507856771793,
      0.0027601234204170638
    ],
    [
      0.002425092963848733,
      0.002425092963848733,
      0.002425092963848733,
      0.002425092963848733,
      0.002425092963848733,
      0.002425092963848733,
      0.002425092963848733,
      0.002425092963848733,
      0.002425092963848733,
      0.002425092963848733,
      0.002423545401479563,
      0.002451540368601057,
      0.002577841742543106,
      0.002718348387395834,
      0.0027702259032229485,
      0.00276222122307479,
      0.0027910209316234585,
      0.002777749371095568,
      0.0027647715992989578,
      0.002758744466756747
    ],
    [
      0.002425092963848733,
      0.002425092963848733,
      0.002425092963848733,
      0.002425092963848733,
      0.002425092963848733,
      0.002425092963848733,
      0.002425092963848733,
      0.002425092963848733,
      0.002425092963848733,
      0.002425092963848733,
      0.002425092963848733,
      0.0024229887929618945,
      0.002453415908739319,
      0.0025833674934879736,
      0.0027232213711439733,
      0.0027694488081904346,
      0.0027631785713899655,
      0.0027926400859861664,
      0.0027773035537529997,
      0.002764738043150978
    ]
  ],
  "alphas_tested": [
    10.0,
    5.455594781168514,
    2.9763514416313193,
    1.623776739188721,
    0.8858667904100823,
    0.4832930238571752,
    0.26366508987303583,
    0.14384498882876628,
    0.07847599703514607,
    0.04281332398719392,
    0.023357214690901212,
    0.012742749857031334,
    0.0069519279617756054,
    0.00379269019073225,
    0.00206913808111479,
    0.0011288378916846883,
    0.0006158482110660267,
    0.0003359818286283781,
    0.00018329807108324357,
    0.0001
  ]
}