{
  "alpha_selected": 10.0,
  "l1_ratio_selected": 0.1,
  "intercept": 0.006990723191620182,
  "n_iter": 0,
  "mse_path_mean_by_alpha": [
    [
      0.002531537792063347,
      0.002531537792063347,
      0.002531537792063347,
      0.002531537792063347,
      0.002531537792063347,
      0.002531537792063347,
      0.002531537792063347,
      0.002531537792063347,
      0.0025324048282793716,
      0.002580725201188291,
      0.002587309667909692,
      0.0026478926436615297,
      0.0027913152289207174,
      0.0029808759109478827,
      0.003141903592453804,
      0.0032754672226883294,
      0.003357134697818151,
      0.00341034643555174,
      0.003444927946636803,
      0.0034645606446282668
    ],
    [
      0.002531537792063347,
      0.002531537792063347,
      0.002531537792063347,
      0.002531537792063347,
      0.002531537792063347,
      0.002531537792063347,
      0.002531537792063347,
      0.002531537792063347,
      0.002531537792063347,
      0.002531537792063347,
      0.002531537792063347,
      0.002551920231368101,
      0.002584524762100531,
      0.0025995470194229956,
      0.0027035610538738977,
      0.002882300424608985,
      0.003065628099543443,
      0.003224420090439141,
      0.0033285695350569753,
      0.003389925363510042
    ],
    [
      0.002531537792063347,
      0.002531537792063347,
      0.002531537792063347,
      0.002531537792063347,
      0.002531537792063347,
      0.002531537792063347,
      0.002531537792063347,
      0.002531537792063347,
      0.002531537792063347,
      0.002531537792063347,
      0.002531537792063347,
      0.002531537792063347,
      0.0025548698115729846,
      0.0025852719241678175,
      0.002601625105849926,
      0.002710191941773038,
      0.002891964363631771,
      0.0030735819357455923,
      0.003231985162215066,
      0.0033332027368554963
    ]
  ],
  "alphas_tested": [
    10.0,
    5.455594781168514,
    2.9763514416313193,
    1.623776739188721,
    0.8858667904100823,
    0.4832930238571752,
    0.26366508987303583,
    0.14384498882876628,
    0.07847599703514607,
    0.04281332398719392,
    0.023357214690901212,
    0.012742749857031334,
    0.0069519279617756054,
    0.00379269019073225,
    0.00206913808111479,
    0.0011288378916846883,
    0.0006158482110660267,
    0.0003359818286283781,
    0.00018329807108324357,
    0.0001
  ]
}