year,n_test_rows,elastic_dir,elastic_rmse,elastic_mae,elastic_r2,xgb_dir,xgb_rmse,xgb_mae,xgb_r2,naive_dir,naive_rmse,naive_mae,naive_r2
2011,12,0.5,0.6455661798497323,0.5844733623859927,-0.15838887960892456,0.5,0.6312797724837635,0.5457357398636803,-0.1076857959961548,0.0,0.6332624561168312,0.5250911674768739,-0.11465462161793338
2012,12,0.75,0.29343066981728955,0.22695443095138937,-2.7165697459856193,0.75,0.22013284772366118,0.1860732950536911,-1.0917076316462309,0.0,0.1857473592437528,0.14902067153846973,-0.48928074177149883
2013,12,0.75,0.5809592227024034,0.4128791429133159,-0.04690850897407506,0.75,0.5780183455885127,0.40323324013601775,-0.03633621241885954,0.0,0.6471184939520828,0.4383661687152525,-0.2989279202000239
2014,12,0.25,0.4575227118333616,0.4262637379929975,-6.674050612627971,0.25,0.37855022453270293,0.3418874590995565,-4.253471251354827,0.0,0.19576739204003127,0.16544325940902083,-0.4050120675743596
2015,12,0.75,0.15550694332680567,0.1158406389390468,-0.3943744462531307,0.75,0.172891325126482,0.13622205958403727,-0.72355938407756,0.0,0.13795744921584038,0.11404946155351785,-0.09741314269456303
2016,12,0.75,0.12108487511132565,0.0992718281184443,-0.2313204043955046,0.75,0.12240239315462242,0.09752640616030649,-0.258262049362304,0.0,0.1318364897139798,0.11106684090428036,-0.45969641653992266
2017,12,0.75,0.2761900223462071,0.24247351341654633,-0.07863380791211028,0.75,0.2787923004840664,0.24457619035092196,-0.09905546227484008,0.0,0.3328397389657617,0.29397758247516387,-0.5664928013998922
2018,12,0.25,0.3118614500548715,0.2779789027723736,-1.0658088435966273,0.25,0.30377678409669956,0.2721674062994301,-0.9600895119753436,0.0,0.23475335393729196,0.1972653853387123,-0.17055104242437724
2019,12,0.5833333333333334,0.1963859678911255,0.16701440461684755,-0.021798388761974596,0.5833333333333334,0.19893261521729763,0.1646367523631708,-0.04847068108439734,0.0,0.21183282659954,0.17242409172653317,-0.18886031190712482
