year,n_test_rows,elastic_dir,elastic_rmse,elastic_mae,elastic_r2,xgb_dir,xgb_rmse,xgb_mae,xgb_r2,naive_dir,naive_rmse,naive_mae,naive_r2
2011,12,0.6666666666666666,0.0747698206699062,0.06195764796974243,-0.012526708791903651,0.6666666666666666,0.07532938026952463,0.06268994148002643,-0.02773843643335616,0.0,0.0775146406171401,0.06698544869312723,-0.08823148194689767
2012,12,0.3333333333333333,0.03637899542999727,0.031103566027548185,-0.39094186765959194,0.3333333333333333,0.03649117616129668,0.03073254451940985,-0.399533499011417,0.0,0.031057505847542747,0.02492557974199909,-0.013773014123185767
2013,12,0.3333333333333333,0.06984272601169958,0.06015247500645874,-0.6549989834163275,0.3333333333333333,0.06530970154519147,0.05639386519659575,-0.44714072626293677,0.0,0.05942332107865823,0.05202861219355608,-0.198034178232795
2014,12,0.5833333333333334,0.04304766442630015,0.035119595501712814,-0.0035863656453469783,0.5,0.04296565662646848,0.03549759050302941,0.00023374940169906822,0.0,0.043047711647735715,0.03473151033052325,-0.003588567428673528
2015,12,0.4166666666666667,0.03983061167646259,0.03223957227128898,-0.1253371181795495,0.4166666666666667,0.04223950604343995,0.03404184986868263,-0.2655705313457859,0.0,0.03928238932340487,0.03096542701553985,-0.09457237525361051
2016,12,0.75,0.054524794724653575,0.04488007210901604,0.00412467988779075,0.5,0.054877942910893714,0.04580906914745005,-0.008817339947216896,0.0,0.05504140147789846,0.045684624482175896,-0.014835984670821478
2017,12,0.5833333333333334,0.02263043288631975,0.01885174795412415,-0.14924961121549618,0.75,0.021886439687347294,0.01799101538943875,-0.07492677837043837,0.0,0.02286316849293692,0.018948696105275317,-0.17300935715138777
2018,12,0.4166666666666667,0.02508749612462305,0.021512694771472416,-0.15291634218357886,0.4166666666666667,0.025888257496554427,0.022290111039890922,-0.22769022420595375,0.0,0.023411756186747772,0.019571311047497503,-0.0040402974841180495
2019,12,0.6666666666666666,0.037562292036196515,0.030644326002658307,-0.07642134144897406,0.5833333333333334,0.037423530073804244,0.031272100826745135,-0.06848303756164364,0.0,0.03928835302887585,0.03128478425265762,-0.1776216379933595
