year,n_test_rows,elastic_dir,elastic_rmse,elastic_mae,elastic_r2,xgb_dir,xgb_rmse,xgb_mae,xgb_r2,naive_dir,naive_rmse,naive_mae,naive_r2
2011,12,0.5,0.047635638546478384,0.036881132805893724,-0.14019906829441764,0.4166666666666667,0.04459773863412753,0.036843648537770265,0.0005930267860786431,0.0,0.04508653636415328,0.035437210199510405,-0.021434319607418484
2012,12,0.6666666666666666,0.04036834861588021,0.030842189174095497,-0.03818869222442811,0.6666666666666666,0.03963459796693671,0.030326326003263234,-0.0007906551326064548,0.0,0.04051132081901015,0.03332805037308716,-0.045555601202609486
2013,12,0.75,0.026583255387499158,0.023757687775847903,-0.05457850580280188,0.75,0.028761562828321298,0.026087360485518175,-0.2344899246081611,0.0,0.033454976201401095,0.029417123665855447,-0.6702598390262158
2014,12,0.5833333333333334,0.029712623018752507,0.026989405046288144,-0.11731651103874086,0.5833333333333334,0.028260023951803437,0.02596820162338993,-0.01073960165981691,0.0,0.031239475459419193,0.027651033606782366,-0.23509879204811535
2015,12,0.5,0.05279044206651063,0.04337809997683398,-0.09485615150224525,0.5,0.05099796607873118,0.04187028190010172,-0.021767716490147082,0.0,0.050518031150451684,0.040794317618719204,-0.0026267744484869127
2016,12,0.6666666666666666,0.03358111225102999,0.028232660957076845,-0.01243939628627544,0.6666666666666666,0.033796946274271544,0.028078563329275736,-0.025495610961987047,0.0,0.036548010179650904,0.029865357290745784,-0.19924069573285386
2017,12,0.8333333333333334,0.030530608106348552,0.0244805939676767,-0.3892224598536942,0.8333333333333334,0.03004696780660668,0.0239287477372631,-0.345557279436121,0.0,0.036361184434892495,0.029912888364906298,-0.9705022263302652
2018,12,0.5,0.053879906929903736,0.04154348070190437,-0.04629787263082541,0.5,0.054071043147065144,0.041758773476617106,-0.05373441615288099,0.0,0.052676904431803506,0.0402376808279228,-9.708134790820111e-05
2019,12,0.8333333333333334,0.04128770917282316,0.03338278791147197,-0.07790838646162879,0.8333333333333334,0.04137639114991922,0.03342587812147105,-0.08254384378707158,0.0,0.04543806914248937,0.03998509875701884,-0.30550942988764174
