year,n_test_rows,elastic_dir,elastic_rmse,elastic_mae,elastic_r2,xgb_dir,xgb_rmse,xgb_mae,xgb_r2,naive_dir,naive_rmse,naive_mae,naive_r2
2011,12,0.5833333333333334,0.045909264341597186,0.03584120271406677,-0.04990614720164577,0.5,0.04434926890158614,0.03395340537307847,0.020233150315650317,0.0,0.04483657766815729,0.03381650862346932,-0.001416454569504344
2012,12,0.75,0.03116298522126279,0.024684437361050447,-0.07766850172521989,0.75,0.03066122968636693,0.02362848026430467,-0.043244776701894416,0.0,0.03198068109869139,0.026397069498902793,-0.13496507974515848
2013,12,0.75,0.026541645387163203,0.02219617635801749,0.011190415659623976,0.75,0.027517403460544484,0.024467002672250215,-0.06284977627196753,0.0,0.030370224047661466,0.028345689307539557,-0.2946517838396945
2014,12,0.6666666666666666,0.022418103391944805,0.01903308153762328,-0.08301761746751413,0.6666666666666666,0.02170805101480486,0.018294909687654102,-0.015498889482922218,0.0,0.023495742472161765,0.020474357734320225,-0.18964157307825946
2015,12,0.5,0.04319312013845303,0.03588715392158494,-0.21758623739842098,0.5,0.041211406006776,0.03303214707928658,-0.10842277087464569,0.0,0.03921258455175301,0.031007979205182955,-0.003509555616455051
2016,12,0.6666666666666666,0.02229310083515929,0.017571171329077966,-0.07171314364023695,0.6666666666666666,0.02336475054105554,0.017019495950048213,-0.17722613004724574,0.0,0.025366099159160133,0.017773810293561322,-0.3875382620112542
2017,12,0.9166666666666666,0.01946226405905672,0.014115738785447918,-0.6201320440650797,0.9166666666666666,0.01995143871493174,0.014265821167880407,-0.7025980338484903,0.0,0.023516700338097274,0.0179321618933796,-1.3654646429512525
2018,12,0.6666666666666666,0.04710702707292434,0.034771794813476226,-0.05240540124019111,0.6666666666666666,0.048966166650722134,0.03606010998090693,-0.13711368820261627,0.0,0.046060854320786285,0.03558571936316697,-0.006179935106708667
2019,12,0.75,0.03279829048114024,0.025726689543816437,-0.05259878613802815,0.75,0.03273573996753495,0.02553556230336115,-0.0485877349196826,0.0,0.03518351439149778,0.029348355344164478,-0.21126420913193167
